l_english:
  french_quebec_area_scripted_country_name: "Québec" #historical
  french_quebec_area_scripted_country_name_ADJ: "Quebecóis"
  french_laurentian_area_scripted_country_name: "Laurentides" #historical
  french_laurentian_area_scripted_country_name_ADJ: "Laurentides"
  french_lower_canada_area_scripted_country_name: "Bas-Canada" #historical
  french_lower_canada_area_scripted_country_name_ADJ: "Bas-Canada"
  french_jamesie_area_scripted_country_name: "Baie-James" #translation
  french_jamesie_area_scripted_country_name_ADJ: "Baie-James"
  french_nunavik_area_scripted_country_name: "Nounavic" #transliteration
  french_nunavik_area_scripted_country_name_ADJ: "Nounavic"
  french_labrador_area_scripted_country_name: "Lavradeur" #translation
  french_labrador_area_scripted_country_name_ADJ: "Lavradeur"
  french_newfoundland_area_scripted_country_name: "Terre-Neuve" #historical
  french_newfoundland_area_scripted_country_name_ADJ: "Terre-Neuve"
  french_prince_edward_island_area_scripted_country_name: "Île Saint-Jean" #historical
  french_prince_edward_island_area_scripted_country_name_ADJ: "Île Saint-Jean"
  french_acadia_area_scripted_country_name: "Acadie Péninsulaire" #historical, or Cap-Breton
  french_acadia_area_scripted_country_name_ADJ: "Acadie Péninsulaire"
  french_new_brunswick_area_scripted_country_name: "Acadie Continentale" #historical
  french_new_brunswick_area_scripted_country_name_ADJ: "Acadie Continentale"
  french_hispaniola_area_scripted_country_name: "Haïti" #historical
  french_hispaniola_area_scripted_country_name_ADJ: "Haïtien"
  french_vermont_area_scripted_country_name: "Vermont" 
  french_vermont_area_scripted_country_name_ADJ: "Vermont"
  french_new_hampshire_area_scripted_country_name: "Montblanc " 
  french_new_hampshire_area_scripted_country_name_ADJ: "Montblanc "
  french_maine_area_scripted_country_name: "Maine" 
  french_maine_area_scripted_country_name_ADJ: "Maine"
  french_hudson_area_scripted_country_name: "Nouvelle-Angoulême" #It's the same, and I don't care 
  french_hudson_area_scripted_country_name_ADJ: "Nouvelle-Angoulême"
  french_haudenosaunee_area_scripted_country_name: "Iroquois" 
  french_haudenosaunee_area_scripted_country_name_ADJ: "Iroquois"
  french_florida_area_scripted_country_name: "Floride" 
  french_florida_area_scripted_country_name_ADJ: "Floride"
  french_michigan_area_scripted_country_name: "Saint Ignace" #First settlement
  french_michigan_area_scripted_country_name_ADJ: "Saint Ignace"
  french_illinois_area_scripted_country_name: "Illinois" 
  french_illinois_area_scripted_country_name_ADJ: "Illinois"
  french_louisiana_area_scripted_country_name: "Louisiane" 
  french_louisiana_area_scripted_country_name_ADJ: "Louisiane"
  french_arkansas_area_scripted_country_name: "Arkansas" 
  french_arkansas_area_scripted_country_name_ADJ: "Arkansas"
  french_missouri_area_scripted_country_name: "Missouri" 
  french_missouri_area_scripted_country_name_ADJ: "Missouri"
  french_superior_area_scripted_country_name: "Sainte Marie" #first settlement
  french_superior_area_scripted_country_name_ADJ: "Sainte Marie"
  french_central_plains_area_scripted_country_name: "La Prairie" 
  french_central_plains_area_scripted_country_name_ADJ: "La Prairie"
  french_natahende_area_scripted_country_name: "Nouveau-Méxique" 
  french_natahende_area_scripted_country_name_ADJ: "Nouveau-Méxique"
  french_upper_missouri_area_scripted_country_name: "Haute Missouri" 
  french_upper_missouri_area_scripted_country_name_ADJ: "Haute Missouri"
  french_red_river_area_scripted_country_name: "rivière Rouge" 
  french_red_river_area_scripted_country_name_ADJ: "rivière Rouge"
  french_mexihko_area_scripted_country_name: "Méxique" 
  french_mexihko_area_scripted_country_name_ADJ: "Méxique"
  french_amazon_area_scripted_country_name: "Amazonie" 
  french_amazon_area_scripted_country_name_ADJ: "Amazonie"
  french_tocantins_area_scripted_country_name: "Toucanteans" 
  french_tocantins_area_scripted_country_name_ADJ: "Toucanteans"
  french_para_area_scripted_country_name: "Bas Amazonie" 
  french_para_area_scripted_country_name_ADJ: "Bas Amazonie"
  french_maranhao_area_scripted_country_name: "Maragnon" 
  french_maranhao_area_scripted_country_name_ADJ: "Maragnon"
  french_ceara_area_scripted_country_name: "Cèaras" 
  french_ceara_area_scripted_country_name_ADJ: "Cèaras"
  french_paraiba_area_scripted_country_name: "Parahybas" 
  french_paraiba_area_scripted_country_name_ADJ: "Parahybas"
  french_pernambuco_area_scripted_country_name: "Pèrnambuque" 
  french_pernambuco_area_scripted_country_name_ADJ: "Pèrnambuque"
  french_bahia_area_scripted_country_name: "Baie de Tous les Saints" 
  french_bahia_area_scripted_country_name_ADJ: "Baie de Tous les Saints"
  french_espirito_santo_area_scripted_country_name: "Saint Esprit" 
  french_espirito_santo_area_scripted_country_name_ADJ: "Saint Esprit"
  french_rio_de_janeiro_area_scripted_country_name: "France Antartique" #historical name
  french_rio_de_janeiro_area_scripted_country_name_ADJ: "France Antartique"
  french_minas_gerais_area_scripted_country_name: "Emboabas" 
  french_minas_gerais_area_scripted_country_name_ADJ: "Emboabas"
  french_sao_paulo_area_scripted_country_name: "Saint-Paul" 
  french_sao_paulo_area_scripted_country_name_ADJ: "Saint-Paul"
  french_santa_catarina_area_scripted_country_name: "Sainte-Catherine" 
  french_santa_catarina_area_scripted_country_name_ADJ: "Sainte-Catherine"
  french_la_plata_area_scripted_country_name: "Argentine" 
  french_la_plata_area_scripted_country_name_ADJ: "Argentin"
  french_sinu_area_scripted_country_name: "La Rochelle D'Ouest" 
  french_sinu_area_scripted_country_name_ADJ: "La Rochelle D'Ouest"
  french_guayana_area_scripted_country_name: "Guyane" 
  french_guayana_area_scripted_country_name_ADJ: "Guyane"